data;historico;documento;valor;tipo
10/07/2026;LIQUIDACAO COBRANCA SIMPLES;000012345678;18.450,00;C
10/07/2026;PIX RECEBIDO PADARIA VILA NOVA LT;;3.200,00;C
13/07/2026;LIQUIDACAO COBRANCA SIMPLES;000012345701;9.870,00;C
14/07/2026;TED RECEBIDA DOCE PONTO COM ALIME;;47.630,50;C
15/07/2026;LIQUIDACAO COBRANCA SIMPLES;000012345712;66.300,00;C
15/07/2026;TARIFA PACOTE COBRANCA JUL;;1.240,00;D
16/07/2026;LIQUIDACAO COBRANCA SIMPLES;000012345720;62.500,00;C
17/07/2026;PIX RECEBIDO CANTINHO MINEIRO FRA;;14.820,00;C
20/07/2026;PAGAMENTO FORNECEDOR NF 88231;;18.900,00;D
21/07/2026;LIQUIDACAO COBRANCA SIMPLES;000012345740;31.250,00;C
22/07/2026;PIX RECEBIDO 11222333000166;;7.430,00;C
23/07/2026;TED RECEBIDA CNPJ 66777888000199;;23.358,00;C
24/07/2026;PIX RECEBIDO SABOR CIA;;7.100,00;C
27/07/2026;PIX RECEBIDO NORTE PANIFICADOS EI;;12.980,00;C
28/07/2026;DEPOSITO NAO IDENTIFICADO;;5.670,00;C
29/07/2026;PIX RECEBIDO EMPORIO BELA VISTA A;;3.400,00;C
30/07/2026;PIX RECEBIDO PADARIA VILA NOVA LT;;1.850,00;C
31/07/2026;TARIFA PIX EMISSAO JUL;;89,00;D
